headings,P0,P1,P2,P3
P0,3,3,0,0
P1,1,1,0,0
P2,0,3,0,0
P3,3,0,3,1
labour,3,5,5,8
output,12.646608273659815,8.148336292015701,11.97542761986708,18.079265877861737
