headings,P0,P1,P2,P3
P0,3,0,3,0
P1,3,3,3,0
P2,0,0,3,0
P3,1,0,0,3
labour,7,1,2,6
output,14.724223279775877,27.808969524145528,8.322889095082957,13.739905325343605
