headings,P0,P1,P2,P3,labour
year1,5.784999856948852,2.68000013589859,4.007499942779541,6.744999656677246,21
year2,5.8427499628067014,2.706700096130371,4.0474748706817625,6.81234956741333,21
