headings,P0,P1,P2,P3,labour
year1,5.994999656677246,8.087500343322754,3.587499985694885,3.9175000286102293,16
year2,6.054849395751953,8.168275604248047,3.6232749319076536,3.9565751647949217,16
