headings,labour,tradedeficit
Year1,928459,74057
Year2,937743.59,70354.15
Year3,947121.0259,56283.32
Year4,956592.236159,45026.656
Year5,966158.15852059,36021.3248
